number,water,coordsys,momentX,momentY,arithX,arithY,rmsX,rmsY,harmonicX,harmonicY,geomeanX,geomeanY,medianX,medianY,minboundX,minboundY
46,true,32633,11295.211261487477,6786847.353731837,64189.26800591467,6784564.95377676,90663.25051399386,6785319.940071342,16900.207819816478,6783047.578899779,NaN,6783807.461045476,138311.78500458578,6813473.365122125,28234.875005964714,6795640.320121961