number,water,coordsys,momentX,momentY,arithX,arithY,rmsX,rmsY,harmonicX,harmonicY,geomeanX,geomeanY,medianX,medianY,minboundX,minboundY
46,true,32635,-626774.8814773029,6936754.003486724,-574462.2958745263,6924591.045847297,579057.1512597104,6925269.46943514,-565580.9047378021,6923232.538093425,NaN,6923912.039030466,-565148.1251496258,6940533.066945329,-617721.0391689595,6952371.4832503535