number,water,coordsys,momentX,momentY,arithX,arithY,rmsX,rmsY,harmonicX,harmonicY,geomeanX,geomeanY,medianX,medianY,minboundX,minboundY
34,true,32633,256976.69207960917,6820201.70440029,252037.56864967194,6762162.726965492,260365.32332663971,6762876.051109466,230828.19487352858,6760753.335687356,242146.7631314823,6761455.138490705,261395.30000296584,6721650.360122628,243093.05500329033,6799480.605122209