number,water,coordsys,momentX,momentY,arithX,arithY,rmsX,rmsY,harmonicX,harmonicY,geomeanX,geomeanY,medianX,medianY,minboundX,minboundY
34,true,32635,-376533.79470942327,6924129.750738569,-392052.1190931483,6867439.382412767,397337.06753616035,6868166.594297089,-381405.0217802667,6865998.117124055,NaN,6866716.533028169,-381415.55158880283,6832477.092388061,-385371.5211285521,6897749.95262022