number,water,coordsys,momentX,momentY,arithX,arithY,rmsX,rmsY,harmonicX,harmonicY,geomeanX,geomeanY,medianX,medianY,minboundX,minboundY
39,true,32635,-453231.3032642625,6679639.065878845,-450961.70404818194,6718252.213394994,451238.8872889975,6718279.977965965,-450412.06550485926,6718196.424101024,NaN,6718224.362187983,-451251.4530353745,6722997.046523256,-455121.7766441007,6683604.564972213