number,water,coordsys,momentX,momentY,arithX,arithY,rmsX,rmsY,harmonicX,harmonicY,geomeanX,geomeanY,medianX,medianY,minboundX,minboundY
39,true,32632,569296.4693917014,6559041.9646449145,561190.7087014649,6596426.248760871,561325.1395727358,6596461.004053233,560922.8354342121,6596356.398961044,561056.592131012,6596391.380483111,556694.7208370945,6603632.437420665,569543.2929916426,6562551.444287725