number,water,coordsys,momentX,momentY,arithX,arithY,rmsX,rmsY,harmonicX,harmonicY,geomeanX,geomeanY,medianX,medianY,minboundX,minboundY
39,true,4258,10.211753289881507,59.16633330117053,10.081538258869806,59.50160124819992,10.08393707074211,59.50190898770487,10.076755637824347,59.5009827769971,10.0791441710455,59.50129251206804,10.39506068226583,59.565145310170514,10.215177755467565,59.19723297907244